Year,Month,Avg_Temp,Avg_Feelslike,Avg_Dew,Avg_Humidity,Avg_Precipitation,Avg_Precipitation_Probability,Avg_Precipitation_Coverage,Avg_Wind_Gust,Avg_Wind_Speed,Avg_Wind_Direction,Avg_Pressure,Avg_Cloud_Cover
2024,6,34.440000000000005,38.169999999999995,14.879999999999999,41.36333333333334,2.8299999999999996,12.213333333333333,5.233333333333333,34.11538461538461,11.613333333333335,230.14666666666665,995.5615384615384,38.059999999999995
