Year,Month,Avg_Temp,Avg_Feelslike,Avg_Dew,Avg_Humidity,Avg_Precipitation,Avg_Precipitation_Probability,Avg_Precipitation_Coverage,Avg_Wind_Gust,Avg_Wind_Speed,Avg_Wind_Direction,Avg_Pressure,Avg_Cloud_Cover
2023,1,11.870967741935484,11.529032258064515,3.2096774193548385,58.67741935483871,0.9258064516129032,16.129032258064516,6.585806451612903,20.858064516129033,12.63225806451613,276.2903225806452,1018.5612903225807,38.03225806451613
2023,2,17.875,17.59642857142857,3.932142857142857,43.403571428571425,0.014285714285714287,7.142857142857143,0.44642857142857145,22.400000000000002,14.203571428571427,252.42142857142858,1014.4571428571428,35.714285714285715
2023,3,21.83225806451613,21.5,6.945161290322581,44.061290322580646,0.8612903225806451,35.483870967741936,7.527096774193549,22.57741935483871,14.36774193548387,213.4741935483871,1012.683870967742,47.093548387096774
2023,4,27.02,26.17,7.013333333333334,33.57333333333334,0.7333333333333333,33.333333333333336,9.166666666666666,28.53666666666667,17.39333333333333,199.67999999999998,1008.5833333333334,38.519999999999996
