Year,Month,Avg_Temp,Avg_Feelslike,Avg_Dew,Avg_Humidity,Avg_Precipitation,Avg_Precipitation_Probability,Avg_Precipitation_Coverage,Avg_Wind_Gust,Avg_Wind_Speed,Avg_Wind_Direction,Avg_Pressure,Avg_Cloud_Cover
2025,1,11.138709677419355,5.745161290322581,7.33225806451613,80.33225806451614,1.5741935483870966,2.7774193548387096,1.1612903225806452,37.1,13.100000000000001,210.34193548387097,1017.7903225806451,32.74193548387097
2025,2,14.928571428571429,18.728571428571428,9.542857142857143,73.39285714285714,1.6607142857142858,5.960714285714286,2.5,52.53333333333333,16.146428571428572,210.36785714285716,1015.2857142857143,38.385714285714286
2025,3,20.29032258064516,29.187096774193545,12.80967741935484,66.12258064516129,1.4838709677419355,3.8161290322580643,1.6129032258064515,54.8,17.66774193548387,208.4774193548387,1011.4387096774193,35.17741935483871
2025,4,27.033333333333335,34.63666666666666,13.386666666666667,48.343333333333334,0.9933333333333334,3.816666666666667,1.6,55.25384615384615,21.07,206.20333333333335,1006.33,34.163333333333334
2025,5,31.91290322580645,39.906451612903226,14.693548387096774,39.41612903225807,1.967741935483871,3.851612903225807,1.6129032258064515,49.49375,22.938709677419357,190.3709677419355,1000.9741935483871,28.274193548387096
2025,6,32.43333333333333,43.07666666666667,20.096666666666668,52.68333333333333,5.613333333333333,7.15,3.0,53.87647058823529,23.91,165.58666666666667,997.3533333333332,32.36666666666667
2025,7,30.712903225806453,44.76129032258064,25.16774193548387,74.12903225806451,8.929032258064517,6.767741935483872,2.838709677419355,50.23636363636363,19.0258064516129,140.541935483871,997.2838709677419,51.91935483870968
