Year,Month,Avg_Temp,Avg_Feelslike,Avg_Dew,Avg_Humidity,Avg_Precipitation,Avg_Precipitation_Probability,Avg_Precipitation_Coverage,Avg_Wind_Gust,Avg_Wind_Speed,Avg_Wind_Direction,Avg_Pressure,Avg_Cloud_Cover
2024,5,40.55,38.85,-0.8250000000000002,8.375,0.0,0.0,0.0,37.6,24.3,245.225,992.85,7.675
2024,6,39.68181818181818,38.21818181818182,3.6818181818181817,13.036363636363637,0.08181818181818182,5.290909090909091,2.272727272727273,33.663636363636364,25.927272727272726,217.9181818181818,994.1,11.745454545454544
