Year,Month,Avg_Temp,Avg_Feelslike,Avg_Dew,Avg_Humidity,Avg_Precipitation,Avg_Precipitation_Probability,Avg_Precipitation_Coverage,Avg_Wind_Gust,Avg_Wind_Speed,Avg_Wind_Direction,Avg_Pressure,Avg_Cloud_Cover
2024,1,9.058064516129033,8.629032258064516,7.964516129032258,93.2741935483871,0.018516129032258067,3.225806451612903,0.26870967741935486,11.751612903225807,10.30967741935484,259.56129032258065,1018.9612903225806,81.87741935483871
2024,2,14.344827586206897,14.244827586206897,10.66551724137931,80.64137931034483,0.7928275862068964,6.896551724137931,0.7182758620689654,22.979310344827585,15.39655172413793,235.87241379310345,1017.3862068965517,30.175862068965518
2024,3,19.748387096774195,19.951612903225808,15.129032258064516,76.83548387096775,1.1863225806451612,32.25806451612903,3.629354838709677,26.848387096774193,18.519354838709678,248.55483870967743,1013.6870967741935,39.92258064516129
2024,4,27.866666666666667,30.38,9.153333333333334,39.4,0.7666666666666667,10.143333333333334,2.127666666666667,37.957692307692305,20.509999999999998,223.94666666666666,1006.4599999999999,35.51
2024,5,31.91290322580645,39.906451612903226,14.693548387096774,39.41612903225807,1.967741935483871,3.851612903225807,1.6129032258064515,49.49375,22.938709677419357,190.3709677419355,1000.9741935483871,28.274193548387096
