Year,Month,Avg_Temp,Avg_Feelslike,Avg_Dew,Avg_Humidity,Avg_Precipitation,Avg_Precipitation_Probability,Avg_Precipitation_Coverage,Avg_Wind_Gust,Avg_Wind_Speed,Avg_Wind_Direction,Avg_Pressure,Avg_Cloud_Cover
2022,1,11.225806451612904,11.209677419354838,10.432258064516128,95.9483870967742,3.565354838709678,25.806451612903224,4.166451612903225,20.151612903225807,11.22258064516129,213.3,1016.5096774193548,62.306451612903224
2022,2,13.732142857142858,13.703571428571427,11.135714285714286,87.43214285714285,0.8858928571428571,7.142857142857143,1.0417857142857143,20.75714285714286,16.782142857142855,228.82857142857142,1013.9142857142857,32.753571428571426
2022,3,22.425806451612903,22.74516129032258,16.69677419354839,74.28709677419356,0.13870967741935483,6.451612903225806,0.5377419354838711,20.87741935483871,16.07741935483871,238.16451612903228,1010.4129032258064,18.61935483870968
