Year,Month,Avg_Temp,Avg_Feelslike,Avg_Dew,Avg_Humidity,Avg_Precipitation,Avg_Precipitation_Probability,Avg_Precipitation_Coverage,Avg_Wind_Gust,Avg_Wind_Speed,Avg_Wind_Direction,Avg_Pressure,Avg_Cloud_Cover
2024,5,33.83870967741935,32.71935483870968,6.480645161290322,22.0,0.48709677419354835,9.67741935483871,2.0161290322580645,31.919354838709676,23.10967741935484,225.97096774193548,1001.9096774193548,10.816129032258065
2024,6,37.8,35.7,4.0,13.0,0.2,3.2,8.33,37.1,23.8,206.8,998.1,90.4
