Year,Month,Avg_Temp,Avg_Feelslike,Avg_Dew,Avg_Humidity,Avg_Precipitation,Avg_Precipitation_Probability,Avg_Precipitation_Coverage,Avg_Wind_Gust,Avg_Wind_Speed,Avg_Wind_Direction,Avg_Pressure,Avg_Cloud_Cover
2020,1,11.432258064516128,11.100000000000001,8.67741935483871,84.71935483870968,2.429032258064516,35.483870967741936,15.994516129032258,22.761290322580646,11.138709677419355,253.39999999999998,1018.0419354838709,54.87419354838709
2020,2,15.110344827586207,14.917241379310346,10.796551724137931,77.98620689655172,1.5413793103448277,24.137931034482758,8.907931034482758,25.717241379310344,12.382758620689655,254.4896551724138,1017.1344827586207,29.455172413793104
2020,3,18.932258064516127,18.94193548387097,14.435483870967742,77.24838709677418,4.958064516129032,61.29032258064516,20.02741935483871,28.93548387096774,14.274193548387096,194.40967741935484,1013.2806451612903,50.08709677419355
2020,4,24.976666666666667,25.066666666666666,16.456666666666667,62.919999999999995,2.81,40.0,7.778333333333333,26.56,12.633333333333333,219.53333333333333,1009.8966666666668,40.95
2020,5,29.006451612903227,29.635483870967743,18.016129032258064,55.7,2.7225806451612904,61.29032258064516,11.828064516129032,29.02258064516129,14.316129032258065,187.36451612903227,1004.4677419354839,34.9741935483871
2020,6,30.90666666666667,35.7,23.413333333333334,66.37666666666667,0.62,53.333333333333336,7.083333333333333,25.816666666666666,13.963333333333333,138.34333333333333,1000.3033333333333,22.06
