Year,Month,Avg_Temp,Avg_Feelslike,Avg_Dew,Avg_Humidity,Avg_Precipitation,Avg_Precipitation_Probability,Avg_Precipitation_Coverage,Avg_Wind_Gust,Avg_Wind_Speed,Avg_Wind_Direction,Avg_Pressure,Avg_Cloud_Cover
2021,1,10.890322580645162,10.83548387096774,8.303225806451612,85.51612903225806,0.8800645161290321,22.580645161290324,2.150967741935484,21.483870967741936,10.45483870967742,204.66129032258064,1016.3967741935484,51.53225806451613
2021,2,15.321428571428571,15.317857142857141,11.478571428571428,80.16071428571429,0.09096428571428572,7.142857142857143,0.44642857142857145,20.150000000000002,12.575000000000001,233.11785714285716,1015.2571428571429,45.78928571428571
