Year,Month,Avg_Temp,Avg_Feelslike,Avg_Dew,Avg_Humidity,Avg_Precipitation,Avg_Precipitation_Probability,Avg_Precipitation_Coverage,Avg_Wind_Gust,Avg_Wind_Speed,Avg_Wind_Direction,Avg_Pressure,Avg_Cloud_Cover
2023,1,10.558064516129033,10.46774193548387,7.964516129032258,85.74516129032257,0.38583870967741934,12.903225806451612,1.0748387096774195,19.212903225806453,13.983870967741936,260.84516129032255,1018.6741935483872,60.55806451612903
2023,2,16.83214285714286,16.771428571428572,11.589285714285714,73.66428571428571,0.0455,3.5714285714285716,0.2975,21.217857142857145,15.857142857142858,229.54285714285714,1014.9964285714286,33.2
2023,3,20.64516129032258,20.703225806451613,15.506451612903225,74.56774193548387,1.4577741935483872,25.806451612903224,2.284838709677419,23.97741935483871,17.635483870967743,205.39999999999998,1013.5483870967741,43.432258064516134
