Year,Month,Avg_Temp,Avg_Feelslike,Avg_Dew,Avg_Humidity,Avg_Precipitation,Avg_Precipitation_Probability,Avg_Precipitation_Coverage,Avg_Wind_Gust,Avg_Wind_Speed,Avg_Wind_Direction,Avg_Pressure,Avg_Cloud_Cover
2024,4,28.44,27.446666666666665,5.239999999999999,26.71333333333333,0.09666666666666668,33.333333333333336,3.0563333333333333,33.373333333333335,22.80666666666667,230.28,1007.4366666666666,41.42333333333333
2024,5,36.167741935483875,34.8258064516129,5.674193548387097,17.95483870967742,0.025806451612903226,6.451612903225806,0.6719354838709677,29.216129032258067,20.206451612903226,240.97096774193548,1001.2129032258064,10.451612903225806
