Year,Month,Avg_Temp,Avg_Feelslike,Avg_Dew,Avg_Humidity,Avg_Precipitation,Avg_Precipitation_Probability,Avg_Precipitation_Coverage,Avg_Wind_Gust,Avg_Wind_Speed,Avg_Wind_Direction,Avg_Pressure,Avg_Cloud_Cover
2024,4,27.446666666666665,27.09333333333333,11.74,45.66,0.6799999999999999,19.673333333333336,5.550333333333333,30.883333333333333,19.46333333333333,241.02333333333334,1007.2366666666666,34.36666666666667
